name,email,password,role,apikey
jd,,,,sk-f60ffbf03ede457987a23650b8b11763
user01,user01@localhost.com,,user,sk-087e295f17cb4ea78e7d7777ff8f99b7
user02,user02@localhost.com,,user,sk-1eb3d0f77018458b9cee9c31d9eed694
user03,user03@localhost.com,,user,sk-5f5aed77954c4370ad16542b87a08737
user04,user04@localhost.com,,user,sk-b5a67e5439684a4b819ce43ca0624519
user05,user05@localhost.com,,user,sk-8255a407c6494d3fbd5987d7c9e4d9a2
user06,user06@localhost.com,,user,sk-cac5456b26504851be80e1d5d6092451
user07,user07@localhost.com,,user,sk-46dcecf1f85a426fbb44329bd875ac28
user08,user08@localhost.com,,user,sk-c29a76b15e684ebaa3531b0b0b3c14fe
user09,user09@localhost.com,,user,sk-a66efee24b634998bcd8f2af10cd911f
user10,user10@localhost.com,,user,sk-2518e8b56e3b4445b40e6c0005193863
user11,user11@localhost.com,,user,sk-5d04aa24ae7c4adeab9b35ec04ae0bbb
user12,user12@localhost.com,,user,sk-c3597461d3c94499a193826c18c6546d
user13,user13@localhost.com,,user,sk-1f02e26f166241ad94a2f6901bd490dd
user14,user14@localhost.com,,user,sk-d99d1cf7a81442e8a6f2336da2b85eb4
user15,user15@localhost.com,,user,sk-cced777bf0be45038f237b1016400ed1
user16,user16@localhost.com,,user,sk-93606674c8e8467b97fcc261fa7b85ae
user17,user17@localhost.com,,user,sk-7a8f7acaeac647648b9e7ed9ec8c46c4
user18,user18@localhost.com,,user,sk-3d3164dcfc194925a0c50cbbf6d140f4
user19,user19@localhost.com,,user,sk-973130c73b8243488ae2ac7c99a87d54
user20,user20@localhost.com,,user,sk-0c5e7e7d4cae46fe8a48c7cf0a7da013
user21,user21@localhost.com,,user,sk-42052a3c5fac4b2aa14c6542956fd1e3
user22,user22@localhost.com,,user,sk-d45c9fcc0c284320b36a67c84d59b77a
user23,user23@localhost.com,,user,sk-af0aadae53744054bb3f1ba5fbb845d1
